"","ID","NAME","LAT","LONG","ALT","JAN","FEB","MAR","APR","MAY","JUN","JUL","AUG","SEP","OCT","NOV","DEC"
"1","ID741","DEATH VALLEY",36.47,-116.87,-59,7.4,9.5,7.5,3.4,1.7,1,3.7,2.8,4.3,2.2,4.7,3.9
"2","ID743","THERMAL/FAA AIRPORT",33.63,-116.17,-34,9.2,6.9,7.9,1.8,1.6,0.4,1.9,3.4,5.3,2,6.3,5.5
"3","ID744","BRAWLEY 2SW",32.96,-115.55,-31,11.3,8.3,7.6,2,0.8,0.1,1.9,9.2,6.5,5,4.8,9.7
"4","ID753","IMPERIAL/FAA AIRPORT",32.83,-115.57,-18,10.6,7,6.1,2.5,0.2,0,2.4,2.6,8.3,5.4,7.7,7.3
"5","ID754","NILAND",33.28,-115.51,-18,9,8,9,3,0,1,8,9,7,8,7,9
"6","ID758","EL CENTRO/NAF",32.82,-115.67,-13,9.8,1.6,3.7,3,0.4,0,3,10.8,0.2,0,3.3,1.4
"7","ID760","EL-CENTRO-2-SSW",32.76,-115.56,-9,9,7,5,1,1,0,2,9,8,8,7,11
"8","ID762","INDIO FIRE STATION",33.74,-116.27,-6,16.7,12.1,9.2,2.2,1.3,0.2,3.5,6.5,6.4,3.8,7.3,7.4
"9","ID1555","SANTA BARBARA",34.42,-119.69,2,106.3,107.1,72.9,32.1,7.6,2.2,0.6,0.6,5.3,11.4,47.8,63.7
"10","ID1556","SANTA BARBARA/FAA ARPT",34.43,-119.83,2,89.5,88.3,72.4,30.1,2,1.1,0.6,0.5,1.4,11.6,45.3,58
"11","ID2061","NEWPORT BEACH HARBOR",33.61,-117.89,3,67.7,65,49.6,22.5,4.3,1.3,0.4,1.7,6.2,6,33.6,42.5
"12","ID2062","INDIO            11",33.7,-116.3,3,16,13,8,3,1,0,3,7,8,5,6,13
"13","ID2063","POINT MUGU/NF",34.12,-119.12,3,69.9,63.3,47.7,17.6,1.9,0.7,0.3,0.3,1.6,4.4,40.5,41.3
"14","ID2082","NEWARK",37.51,-122.03,3,68,54,54,28,6,2,1,2,5,23,54,52
"15","ID2416","ALAMEDA (NAS)     1",37.78,-122.31,4,99,95,80,26,26,5,0,1,3,25,55,80
"16","ID2418","STOCKTON-FIRE-STN-4",38,-121.31,4,74,62,60,31,7,3,1,2,9,22,57,60
"17","ID2419","HAMILTON/AFB",38.07,-122.52,4,183.2,113.2,70.4,45.2,5,2.1,0,1.4,0.8,28.5,100,147.5
"18","ID2846","SAN-FRANCISCO-INT.-CA.",37.61,-122.38,5,110,80,78,35,5,3,1,1,5,31,73,79
"19","ID2848","SAN FRANCISCO       USA",37.8,-122.4,5,117.1,84.7,76.9,33.9,9.1,3.1,0.5,1.1,5.4,26.4,63.1,91
"20","ID3180","IMPERIAL BEACH/REAM FIELD NAS",32.57,-117.12,6,36.8,26.1,36.6,18.1,3.1,1.9,0.3,0.2,1.4,6.3,26.8,26
"21","ID3449","SCOTIA              USA",40.5,-124.1,7,236.7,188.9,173.9,86,36.7,13.9,1.5,7.4,22,83.2,182.7,227.5
"22","ID3703","LOS ALAMITOS",33.8,-118.05,8,54,31.8,33.9,27.6,3.8,1,0.3,0.4,1.1,1.9,35.5,29.8
"23","ID3718","PALO-ALTO",37.45,-122.13,8,77,64,60,27,5,2,1,2,5,22,53,63
"24","ID3720","PETALUMA-FIRE-STN-3",38.23,-122.63,8,137,102,87,38,7,4,1,2,8,40,95,105
"25","ID3721","SACRAMENTO-EXECUTIVECA.",38.51,-121.5,8,93,72,65,30,6,3,1,2,9,27,66,63
"26","ID3722","SACRAMENTO          USA",38.6,-121.4,8,93.5,74.3,63.5,31.7,9.6,4,0.9,1.8,8.8,23.1,55,67.1
"27","ID3730","KLAMATH",41.51,-124.03,8,312,255,276,141,86,34,9,26,52,143,332,337
"28","ID3962","SAN DIEGO/LINDBE  2",32.73,-117.16,9,74,58,74,18,3,3,1,1,6,10,26,35
"29","ID3977","REDWOOD-CITY",37.48,-122.23,9,106,83,79,33,6,2,1,2,6,29,73,82
"30","ID3979","ANTIOCH             USA",38,-121.8,9,77.9,55.8,42.5,27.6,8.5,2.7,1.1,2.1,5,20.5,43.7,59.2
"31","ID3981","PETALUMA FIRE STN #2",38.27,-122.66,9,146.8,118.7,84.6,40.6,13.2,4.8,0.8,2.1,6.6,35.4,88,110.1
"32","ID4421","S-F-RICHMOND-SUNSET",37.76,-122.5,10,122,87,77,34,7,4,1,3,5,38,86,89
"33","ID4570","LAGUNA-BEACH",33.55,-117.78,11,57,57,55,24,6,3,1,3,11,8,42,42
"34","ID4579","STOCKTON/METROPOLITAN AP",37.9,-121.25,11,73.6,58.6,50.6,29.5,8.6,2.3,0.6,0.8,3.2,18.8,47.7,54.3
"35","ID4580","NAPA STATE HOSPITAL",38.29,-122.27,11,143,113,89.5,41.7,17.7,5,0.8,2.7,8.8,37.4,87.7,111.9
"36","ID4787","SAN DIEGO/NORTH ISLAND NAS",32.7,-117.2,12,51.2,41.4,44.7,19.2,3.9,1.5,0.5,0.6,3.7,7.4,27.5,33.4
"37","ID4790","LONG BEACH AIRPO  2",33.81,-118.15,12,72,58,47,10,3,1,1,1,6,12,28,40
"38","ID4791","LONG BEACH CAL      USA",33.9,-118.4,12,79,62.1,51.2,26.2,4.4,0.7,0.2,1.1,6,7.3,46.1,44.6
"39","ID4802","MOFFET FIELD/NAS",37.42,-122.05,12,73,55.4,54.9,25.5,7.2,1.7,1,0.8,3.7,18.3,46.3,53.7
"40","ID4803","LODI",38.12,-121.29,12,92.7,76.1,65.9,33.8,12.7,3.5,1.2,1.3,8.1,23.4,58.9,72.3
"41","ID4804","FAIRFIELD-FIRE-STN-2",38.26,-122.03,12,123,85,80,33,8,3,1,3,8,35,82,84
"42","ID4941","OXNARD",34.2,-119.2,13,78,66,36,36,2,0,0,0,0,3,51,40
"43","ID4942","VENTURA             USA",34.3,-119.3,13,82.5,74.1,52.3,27.6,4.9,1,0.4,0.8,1.7,5,46.6,55.5
"44","ID4953","NICOLAUS-2",38.91,-121.55,13,94,72,72,35,9,6,2,2,11,33,81,73
"45","ID4955","EUREKA WSO",40.8,-124.17,13,177.4,135.7,134.2,73.8,42.7,16.3,3.5,9.2,20.1,69.3,149.1,165.6
"46","ID5099","TIJUANA, TIJUANA",32.55,-117.05,14,32,41,40,10,7,5,1,1,16,15,27,31
"47","ID5112","FORT-DICK",41.86,-124.15,14,295,242,265,139,97,41,9,26,54,147,314,319
"48","ID5463","COLUSA-2-SSW",39.2,-122.01,15,82,64,57,22,8,6,1,2,9,26,64,63
"49","ID5601","MODESTO             USA",37.7,-121,16,60,46.1,48.4,29.6,6.4,1.7,1.2,1.7,7.7,17.1,43.6,48.9
"50","ID5710","CULVER-CITY",34.01,-118.4,17,68,72,60,19,3,1,0,3,5,7,46,49
"51","ID5715","SALINAS             USA",36.7,-121.7,17,70.5,56.3,51.2,27.2,6.8,2,0.9,1.2,4.4,13.2,40.8,55.5
"52","ID5718","RICHMOND",37.93,-122.35,17,117,86,84,39,6,3,2,2,7,35,93,90
"53","ID5721","POINT-ARENA",38.95,-123.73,17,193,148,147,73,22,7,4,10,19,69,173,175
"54","ID5723","MARYSVILLE",39.16,-121.6,17,115.3,91.7,75.8,41.5,16.1,6.5,1,2.1,9,33.9,71.8,88.1
"55","ID5731","CRESCENT-CITY",41.78,-124.23,17,251,212,227,117,75,34,10,24,44,123,269,269
"56","ID5885","TUSTIN/MCAF",33.7,-117.83,18,61.7,67.9,46.7,16.6,2.5,1.1,0.6,1.1,3.3,5.1,30.9,37
"57","ID5886","LONG BEACH, CA   11",33.82,-118.15,18,75,76,61,25,7,2,0,1,5,12,32,62
"58","ID5892","SPRECKELS-HWY-BRIDGE",36.6,-121.68,18,65,55,63,33,6,3,2,2,7,18,50,54
"59","ID5894","ANTIOCH-PUMPING-PLT-3",37.98,-121.73,18,65,52,50,22,7,3,1,2,6,22,49,47
"60","ID5896","TRAVIS/FIELD AFB",38.27,-121.93,18,109.9,67,46.3,33.3,7.9,1.9,0.2,0.5,3.1,15.7,59.2,86.6
"61","ID5897","DAVIS EXP FARM 2WSW",38.54,-121.77,18,105.9,84.9,62.9,29.3,11.8,4.2,0.5,1,6.7,23.7,59.7,76.9
"62","ID6020","TRACY-PUMPING-PLANT",37.8,-121.58,19,60,49,43,20,6,4,1,3,7,17,48,44
"63","ID6021","KENTFIELD           USA",38,-122.5,19,278.5,197.5,164.9,78.3,18.5,7,0.4,3.5,15,72.1,183,232.7
"64","ID6022","MARYSVILLE-YUBA-CO.",39.1,-121.56,19,103,80,77,38,10,5,2,3,10,36,84,87
"65","ID6023","FORT-BRAGG",39.4,-123.81,19,163,143,145,71,29,6,4,11,21,72,158,166
"66","ID6378","OXNARD/AAF",34.22,-119.08,20,78.2,66.1,35.9,36,1.7,0.3,0.1,0.3,0.3,3,50.8,39.7
"67","ID6394","SAN-JOSE",37.35,-121.9,20,71,55,61,30,5,1,1,3,6,24,55,51
"68","ID6395","SAN JOSE            USA",37.4,-121.9,20,74.2,55.4,54.1,29.7,6.7,1.6,1.1,1.3,6.4,19.5,49.2,56.4
"69","ID6511","WOODLAND-1-WNW",38.68,-121.8,21,105,78,72,31,8,4,1,2,10,30,76,76
"70","ID6749","SAN-FRAN-MIS-DOLORES",37.76,-122.43,23,103,75,78,33,6,4,1,2,7,32,82,79
"71","ID6874","PISMO-BEACH",35.13,-120.63,24,83,74,67,34,6,1,0,1,8,21,51,68
"72","ID7070","MCCLELLAN/AFB",38.67,-121.4,25,124.3,84.2,57.8,48.1,16.5,1.8,0.1,1.9,4.4,19.7,74.9,77.2
"73","ID7164","SALINAS-MUNICIPAL",36.66,-121.6,26,59,52,53,27,4,2,1,2,6,15,45,51
"74","ID7167","SACRAMENTO-WSO-CI",38.58,-121.5,26,98,76,71,31,7,3,1,2,9,28,75,70
"75","ID7284","NEWMAN              USA",37.3,-121,27,57.7,44.4,38.9,25,5.1,1.1,0.5,0.8,7.3,12.3,37.9,42.7
"76","ID7285","SANTA CLARA         USA",37.4,-121.8,27,75.4,52.6,47.3,29.1,6.1,1.3,0.5,2.4,5.2,16.8,49.6,64
"77","ID7375","WATSONVILLE         USA",36.9,-121.8,28,117,86.8,84,47.2,8,2.9,1.7,1.7,6.3,25.2,77.1,98.1
"78","ID7377","MODESTO           3",37.65,-121,28,59,47,41,31,7,2,2,2,4,15,38,50
"79","ID7378","ELLIOTT",38.23,-121.2,28,87,70,74,40,11,4,2,2,9,26,72,71
"80","ID7467","LOMPOC",34.65,-120.45,29,67,72,66,29,5,1,0,1,7,12,43,53
"81","ID7470","WATSONVILLE-WATERWORKS",36.93,-121.76,29,106,87,93,48,5,3,2,2,8,29,84,92
"82","ID7822","SONOMA",38.3,-122.46,30,164,118,104,41,10,4,1,3,9,45,120,118
"83","ID8011","VACAVILLE",38.36,-121.95,32,143,99,86,38,7,3,1,1,9,34,94,100
"84","ID8086","LOS ANGELES/INT'L ARPT",33.93,-118.4,33,74.8,65.8,48.7,22.3,1.3,1.6,0.5,1.2,4.3,5.9,35.7,38.4
"85","ID8090","HEALDSBURG",38.62,-122.87,33,249.7,192.7,140.9,64.3,23.1,6.4,1.2,4.8,13.3,58,152.6,189.9
"86","ID8160","TORRANCE-MUNICIPAL",33.8,-118.33,34,76,67,54,22,5,1,0,3,8,8,50,51
"87","ID8162","DOWNEY-FIRE-STN-FC107D",33.93,-118.15,34,70,80,62,25,4,1,1,4,9,8,50,49
"88","ID8172","VACAVILLE",38.41,-121.95,34,151.8,114.8,84,38.2,14.1,3,0.8,0.8,8.5,32.1,83,114.6
"89","ID8173","FORT-ROSS",38.51,-123.25,34,183,135,135,59,17,6,4,7,18,67,153,154
"90","ID8293","MORRO-BAY-FIRE-DEPT",35.36,-120.85,35,76,71,69,35,6,1,1,2,10,19,49,61
"91","ID8297","LOS BANOS           USA",37.1,-120.8,35,42.5,39.7,33.4,20.8,5.1,1.1,0.5,1,5.7,12.5,32.3,35.8
"92","ID8298","TURLOCK-2",37.48,-120.85,35,53,48,47,27,6,1,1,1,8,16,46,42
"93","ID8371","BRAWLEY           8",33,-115.5,36,9,8,6,3,1,0,2,8,7,6,4,12
"94","ID8373","TUSTIN IRVINE RANCH",33.74,-117.79,36,73.1,66.7,56.8,25.8,5.7,1.8,0.3,2.3,7.7,8.1,35,43.7
"95","ID8468","LOS-BANOS",37.05,-120.86,37,40,42,36,19,4,1,1,1,9,15,36,34
"96","ID8473","CRESCENT-CITY-7-ENE",41.8,-124.08,37,332,273,293,152,96,38,10,25,54,147,339,358
"97","ID8560","BEALE/AFB",39.13,-121.43,38,131.3,89.3,69.8,51.8,13.1,5.3,0.2,3.3,2.5,19.4,107.6,81.5
"98","ID8630","KENTFIELD",37.95,-122.55,39,267,194,179,73,11,7,3,4,13,75,208,218
"99","ID8854","SANTA CRUZ",36.99,-122.02,40,173.7,141.8,110.5,56.1,17.1,5.1,2.3,2.6,9.5,32.9,101.2,125.5
"100","ID8857","MATHER/AFB",38.57,-121.3,40,117.5,61.8,55.2,46.4,14.2,3.7,0.9,1.6,1.4,18.3,71.3,82.1
"101","ID8923","SANTA-ANA-FIRE-STATION",33.75,-117.86,41,63,59,57,21,4,2,0,3,10,6,42,45
"102","ID8928","WINTERS",38.53,-121.96,41,129,92,77,30,7,4,1,2,7,29,84,89
"103","ID8997","DENAIR              USA",37.6,-120.8,42,63.7,51.5,51.5,32.7,6.9,1.9,1,2.2,5.7,16.1,44.1,51.3
"104","ID9068","TRACY-CARBONA",37.7,-121.41,43,46,37,39,20,7,2,1,4,7,15,37,36
"105","ID9467","MERCED MUNICIPAL AP",37.29,-120.52,47,64,55.4,49.7,28.4,11,2.2,0.5,0.7,4.5,16.3,38.8,47.6
"106","ID9608","ORICK-PRAIRIE-CREEK-PK",41.36,-124.01,49,258,217,236,124,70,29,8,23,41,116,272,286
"107","ID9870","MONTEREY/NAF",36.6,-121.87,50,94,54.7,40.6,31.2,9,1.7,0.1,0.7,3.2,1.7,36.3,57.5
"108","ID9938","SANTA ROSA",38.46,-122.7,51,171.8,135.3,105.2,50.8,19.1,6.5,0.9,3.6,11.1,47.4,106,133
"109","ID10023","SAN CLEMENTE/ISLAND NAAS",33.02,-118.58,52,41.7,30.3,28.4,6.5,1.3,0.8,0.6,0,1.4,2.6,22.6,25.2
"110","ID10286","MECCA-FIRE-STATION",33.56,-116.06,55,11,11,7,2,1,0,3,7,9,8,8,9
"111","ID10370","CHICO UNIV FARM",39.71,-121.82,56,141.3,107.2,91.9,48.1,22.1,12.4,0.8,3.7,12.4,38.4,88,102.4
"112","ID10418","GRATON              USA",38.4,-122.9,57,239.2,167.4,135.3,68.4,13.8,6.3,0.7,2.7,14.7,62.7,155.5,195.8
"113","ID10542","GILROY",37,-121.56,59,102,81,82,38,6,3,2,2,9,22,74,82
"114","ID10775","MEXICALI            MEXICO",32.7,-115.5,60,8.6,5.6,5.4,1.7,0.5,0.1,4.3,11.2,8.3,8.9,5,10.8
"115","ID10789","CASTLE/AFB",37.38,-120.57,60,67.5,41.5,29.5,37.7,7.4,1.9,0,0.4,2,11.3,38.6,48.7
"116","ID10974","CORCORAN-IRRIG-DIST",36.1,-119.56,61,33,36,27,17,4,1,0,0,6,7,23,24
"117","ID10977","GRATON",38.43,-122.86,61,228,161,145,60,8,5,2,3,13,62,170,186
"118","ID11034","ANGIOLA             USA",36,-119.5,62,38.1,33.6,28,21.3,6,1.5,0.2,0.4,3.6,7.1,20.4,27.2
"119","ID11036","SOLEDAD",36.43,-121.31,62,52,52,53,21,4,1,1,2,7,13,39,47
"120","ID11163","SAN-LUIS-OBISPO",35.23,-120.63,64,129,117,96,42,9,1,1,2,12,26,72,95
"121","ID11315","PALOS-VERDES-EST-FC43D",33.8,-118.38,66,63,61,46,20,5,2,0,4,8,7,43,42
"122","ID11393","MUIR-WOODS",37.9,-122.56,67,185,141,136,59,15,9,3,4,14,61,153,158
"123","ID11394","OAKDALE             USA",37.9,-120.9,67,62.2,42.7,43.4,49.5,10.4,2.9,0.2,1.3,5.1,13.8,38.9,57.5
"124","ID11448","WARM-SPRINGS-DAM",38.71,-123,68,231,166,153,66,14,4,1,4,15,67,172,188
"125","ID11735","WILLOWS 6W",39.52,-122.3,71,100.2,83.7,60,28.6,16.1,8.3,0.9,3.4,8,24.6,64.9,73.3
"126","ID11800","BIG-SUR-STATE-PARK",36.25,-121.78,72,204,176,170,83,12,5,2,1,13,52,161,179
"127","ID11802","ROCKLIN             USA",38.8,-121.3,72,122.9,84.2,71.4,48.6,13.1,5.5,1.9,2.7,7.9,35.5,80.6,95.1
"128","ID11863","LEMOORE/REEVES NAS",36.33,-119.95,73,34.3,34.8,32.6,16,5.5,1.9,0.4,0.7,1.2,8.2,21.8,23.9
"129","ID12010","SANTA-PAULA",34.35,-119.06,75,94,92,74,27,4,1,0,2,10,10,62,65
"130","ID12015","HANFORD 1S",36.3,-119.66,75,42.1,37.4,37.1,18.8,6.4,1.6,0.2,0.3,4.9,9.1,22.5,29.1
"131","ID12127","SALSIPUEDES-GAGING-STN",34.58,-120.4,76,86,89,80,35,6,1,0,1,6,12,55,68
"132","ID12190","LE GRAND            USA",37.2,-120.3,77,62.4,52.3,45.2,34.8,9.9,1.6,0.3,1,5.3,13.9,42.8,53.9
"133","ID12191","ST. HELENA          USA",38.5,-122.5,77,209.7,158,117.1,53.7,12.7,5,1.5,3.2,9.4,53.4,124.2,167
"134","ID12192","ORLAND",39.76,-122.2,77,112.3,90.3,70.2,31.9,19.6,10.2,1.7,4.6,9.9,28.4,73.6,83.5
"135","ID12193","UPPER MATTOLE       USA",40.3,-124.2,77,403,315.1,255.1,136.9,53.2,11.6,2.7,17.2,32.6,148.6,322.1,368.1
"136","ID12627","BLYTHE",33.62,-114.6,82,11.7,10.8,8.7,3.6,1.2,0.9,4,19.4,10.5,6.6,6.3,11.6
"137","ID12629","LOS ANGELES-CIVI",34.05,-118.23,82,96,104,97,13,10,1,0,8,10,6,21,55
"138","ID12630","SANTA MARIA/PUBLIC ARPT",34.9,-120.45,82,59.1,77.8,57.8,28.3,5.1,0.8,0.5,1,5.4,12.4,33.8,43.3
"139","ID12631","BUTTONWILLOW",35.4,-119.46,82,24,28,24,13,4,2,1,1,6,7,16,15
"140","ID12633","MADERA",36.95,-120.03,82,46,45,48,29,7,1,0,1,5,16,41,41
"141","ID12634","MADERA              USA",37,-120,82,49,42.8,43.3,31.1,8.6,1.6,0.4,0.6,5.2,14.1,37.1,41.9
"142","ID12640","RED-BLUFF",40.18,-122.2,82,105,83,78,33,20,10,2,6,16,35,90,89
"143","ID12755","SAN-LUIS-DAM",37.05,-121.06,84,46,43,35,18,6,2,1,3,7,13,38,36
"144","ID12756","SAN-GREGORIO-2-SE",37.3,-122.36,84,137,104,114,55,15,7,4,5,11,46,107,115
"145","ID12863","HOLLISTER           USA",36.8,-121.4,85,74.6,50.4,43.2,31.3,6.5,1.6,0.9,0.7,1.7,15.1,44.1,64.1
"146","ID12948","WESTHAVEN",36.21,-119.98,87,34,34,29,15,5,1,1,1,6,8,20,22
"147","ID12949","FIVE-POINTS-5-SSW",36.35,-120.15,87,33,31,27,13,4,4,1,1,7,7,21,22
"148","ID13199","BROOKS-FARNHAM-RANCH",38.76,-122.15,90,105,86,69,28,8,4,1,2,8,29,77,84
"149","ID13302","BIG SUR             USA",36.3,-121.8,91,217.3,168.8,156.7,86,17.8,4.7,1.3,0.4,10.6,46.6,145.4,187
"150","ID13308","BERKELEY",37.87,-122.27,91,142.1,105.5,85.6,46.9,15.3,4.2,1.2,2.8,8.9,33.9,88.6,103.4
"151","ID13365","REPRESA             USA",38.7,-121.2,92,106.3,80.8,84.7,46,15,5.5,0.7,2.9,11.4,32.3,84,84.4
"152","ID13423","PALM SPRINGS        USA",33.8,-116.5,93,26.8,19.5,13.5,3.7,0.5,0.6,5,7.3,9.9,3.2,15,17.4
"153","ID13426","FRIANT              USA",37,-119.7,93,62.1,57.1,59.7,35.4,10,2.7,0.5,0.5,7.7,16.5,47.1,54.4
"154","ID13589","SAN LUIS OBISPO POLY",35.3,-120.67,96,135.7,123.7,94.8,45.2,10.7,1.9,1.1,1.3,9,21.9,62.2,93.5
"155","ID13702","DELANO",35.78,-119.25,98,30,33,30,21,6,2,0,1,6,9,22,21
"156","ID13703","KING-CITY",36.2,-121.13,98,58,51,50,21,4,1,0,1,7,12,38,46
"157","ID13704","CLOVERDALE-3-SSE",38.76,-122.98,98,228,169,154,65,15,5,2,5,15,69,174,192
"158","ID13750","VISALIA             USA",36.3,-119.3,99,47.1,43.1,39.9,26.1,8,1.6,0.4,0.4,5.2,9.9,31.4,38.3
"159","ID14076","ORANGE COVE         USA",36.6,-119.3,101,62.5,49.9,51.9,31.6,10.1,2.4,0.4,0.2,5.7,15.1,37.7,47.4
"160","ID14142","FRESNO WSO AP",36.79,-119.72,102,56.1,49.8,48.7,25.6,9,4.1,0.2,0.4,4.9,13.8,30.9,38.6
"161","ID14213","WHITTIER-FC-106C",33.96,-118.03,104,71,79,64,25,5,1,0,3,11,9,47,48
"162","ID14219","GARBERVILLE",40.1,-123.8,104,272,223,207,92,37,10,2,12,29,97,242,265
"163","ID14271","WASCO",35.61,-119.34,105,33,32.7,32.5,17.2,6,2.7,0.4,0.6,3.7,7.1,17.5,20.5
"164","ID14273","RED BLUFF           USA",40.2,-122.3,105,110.6,88.5,70.9,35.5,22.2,11.6,1.7,5.1,13.7,34,78.5,89.6
"165","ID14411","RED-BLUFF-MUN.-CA.",40.15,-122.25,108,105,83,78,33,20,10,2,6,18,35,92,91
"166","ID14606","LOS GATOS           USA",37.2,-122,111,143.4,111.6,91.1,47.6,8.5,1.6,1,1.4,7.7,30.4,82.8,113.2
"167","ID14607","LOS-GATOS",37.23,-121.96,111,130,104,95,41,4,1,1,2,6,33,83,89
"168","ID14704","CALISTOGA",38.56,-122.58,113,196,165,133,58,14,5,3,4,12,60,147,161
"169","ID14834","EL TORO/MCAS",33.67,-117.73,116,63.6,63.7,59.7,28.3,4.3,1.5,0.7,0.8,2.9,4.2,36.4,44.9
"170","ID14836","VANDENBERG/AFB",34.72,-120.57,116,49.7,65.3,50.9,34.7,3.2,1.6,0.4,1.1,4.6,11.8,50.7,46
"171","ID14875","YORBA LINDA         USA",33.9,-117.8,117,90.8,68.3,61,28.2,6.8,1.2,0.4,0.7,7.2,6.1,43.4,49.8
"172","ID14881","GASQUET-RANGER-STATION",41.86,-123.96,117,377,307,328,163,96,36,9,26,58,154,379,404
"173","ID14911","BLYTHE/RIVERSIDE CO ARPT",33.62,-114.72,118,11.7,7.2,7.9,2.4,0.3,0.1,5.1,14.4,7.8,1.7,2.6,5.2
"174","ID14956","PORTERVILLE         USA",36.1,-119,119,50.7,43.7,45.8,29.4,10.1,1.3,0.5,0.5,5,14.4,35.6,38.4
"175","ID15114","UPR-SAN-LEANDRO-FILTER",37.76,-122.16,120,123,94,100,48,10,4,2,2,9,47,99,98
"176","ID15142","LIVERMORE-MUNICIPAL",37.7,-121.81,121,69,58,57,28,7,2,1,2,6,22,55,54
"177","ID15378","PARKER 6NE",34.22,-114.22,125,17.8,13.4,13.7,4.5,1.7,0.4,7.7,14.8,11.8,7.8,8.6,13.7
"178","ID15387","ORLEANS",41.3,-123.54,125,259.2,191.2,172,81.6,53.1,18.2,4.1,11.9,25.8,100.8,202.9,250.3
"179","ID15483","LINDSAY",36.2,-119.05,128,54,52,53,27,8,2,0,1,9,15,40,40
"180","ID15491","COLEMAN-FISHERIES-STN",40.4,-122.13,128,127,94,94,52,34,13,5,10,25,40,104,116
"181","ID15535","PARKER            9",34.2,-114.3,129,17,14,12,5,2,1,9,16,12,8,10,16
"182","ID15661","U-C-L-A",34.06,-118.45,131,87,94,73,25,6,1,1,5,9,11,60,60
"183","ID15832","PORTERVILLE-(AWOS)",36.03,-119.06,135,48,47,47,28,9,2,0,1,10,16,37,38
"184","ID15834","EXCHEQUER-RESERVOIR",37.58,-120.26,135,76,78,83,47,10,4,1,2,9,28,71,69
"185","ID15913","SAN-GABRIEL-FIRE-DEPT",34.1,-118.1,137,93,98,82,31,6,2,0,3,14,12,56,58
"186","ID16083","MIRAMAR/NAS",32.87,-117.13,140,56.1,48.7,51.1,25.4,4.7,1.4,0.9,0.4,2.7,6,27.8,34.9
"187","ID16357","LIVERMORE",37.67,-121.77,146,79.7,64,54.7,28.6,11.2,2.8,0.6,1.6,5.3,18.6,49.5,61.5
"188","ID16435","CORNING-HOUGHTON-RANCH",39.9,-122.35,148,97,82,75,33,15,9,3,3,13,29,79,80
"189","ID16479","POWAY-VALLEY",32.95,-117.03,149,59,54,62,28,8,2,1,3,7,12,44,51
"190","ID16481","WALNUT-NI-FC102C",34,-117.86,149,82,82,74,28,7,1,0,6,10,11,50,58
"191","ID16833","BAKERSFIELD/MEADOWS FIELD",35.42,-119.05,152,27.7,24.1,27.3,15.1,4.8,1.6,0.3,0.3,2,6.4,17.1,16.2
"192","ID16845","RICHARDSON-GROVE-ST-PK",40.03,-123.78,152,319,257,241,112,43,10,2,14,34,114,277,319
"193","ID16894","REDDING WSO",40.51,-122.3,153,201.2,155.1,136.3,65.7,41,21.9,3.5,9.7,27.1,55.1,133.1,162.1
"194","ID16948","VISTA-2-NNE",33.23,-117.23,155,64,55,61,27,6,3,1,3,9,10,44,49
"195","ID16951","KETTLEMAN-STATION",36.06,-120.08,155,34,33,26,15,4,1,1,1,6,8,19,20
"196","ID16988","LEMON COVE",36.39,-119.04,156,69.6,58.9,61.9,33.5,13.1,4,0.4,0.8,7.5,17,41.5,50.9
"197","ID17247","LA-MESA",32.76,-117.01,162,59,50,64,27,8,2,1,3,9,13,45,46
"198","ID17688","LOS-ALAMOS",34.75,-120.28,172,68,78,78,33,6,1,0,1,5,14,45,55
"199","ID17689","LOS ALAMOS          USA",34.8,-120.3,172,74.4,72.9,72.2,35.8,7,0.9,0.7,0.8,5,12.5,43,56.3
"200","ID17759","COLGATE             USA",39.3,-121.2,174,205.2,154.5,146.8,81.4,27.6,9.8,0.7,4,16.7,67.9,151.2,172.8
"201","ID17802","COVINA-TEMPLE-FC-193-B",34.08,-117.86,175,88,88,78,34,8,1,1,5,12,13,57,61
"202","ID17874","TWITCHELL-DAM",34.98,-120.31,177,77,79,76,37,7,1,1,1,11,20,50,60
"203","ID17880","HARRY-ENGLEBRIGHT-DAM",39.23,-121.26,177,163,134,137,69,20,8,1,4,17,53,140,136
"204","ID18240","EL-CAPITAN-DAM",32.88,-116.81,183,64,67,75,33,11,4,2,5,10,19,50,61
"205","ID18250","SAN-CLEMENTE-DAM",36.43,-121.7,183,104,95,94,41,7,2,1,2,6,21,66,85
"206","ID18388","CORONA",33.88,-117.55,186,13,17,19,13,23,31,69,74,42,28,13,19
"207","ID18392","PINE-FLAT-DAM",36.81,-119.33,186,96,81,83,46,12,3,1,1,9,22,61,70
"208","ID18701","UKIAH",39.16,-123.2,193,220.6,168.8,131.5,60.5,27.4,7.7,1.1,4.3,13.7,53.1,134.9,177.8
"209","ID19139","ESCONDIDO           USA",33.1,-117.1,200,84,61.2,64.6,31.9,10.9,2.1,0.7,3.1,6.9,9.6,43.1,51.3
"210","ID19183","CAMP-PARDEE",38.25,-120.85,201,94,82,91,51,12,4,3,3,13,36,84,82
"211","ID19271","COALINGA",36.15,-120.35,204,38,39,27,15,5,1,1,1,9,9,25,30
"212","ID19317","MARICOPA            USA",35.1,-119.4,205,26.1,26,26.2,16.6,4.5,0.9,0.1,1.4,7.2,7.2,19.6,17.7
"213","ID19692","PASO ROBLES",35.64,-120.69,214,83.8,74.2,59.6,27.7,6.6,0.8,0.8,1.2,6.6,13,38.2,57.1
"214","ID19806","ELECTRA PH",38.34,-120.67,218,146.7,115.9,125.1,69.5,25.3,8.3,3,2.9,13,42.7,100.1,124.7
"215","ID20025","PIRU-2-ESE",34.4,-118.75,223,85,89,70,27,6,1,0,4,8,11,63,60
"216","ID20099","PARKER-RESERVOIR",34.28,-114.16,225,20,15,15,6,2,1,9,16,14,12,13,16
"217","ID20100","PASO-ROBLES-RADAR",35.4,-120.35,225,76,69,53,27,4,1,1,1,8,15,44,56
"218","ID20132","HOLLYWOOD-BURBANK/WB AIRPORT",34.2,-118.37,226,67.4,47.6,30.7,39.2,2.5,1.3,0.1,1.1,2.9,2.6,33.5,41.1
"219","ID20173","TOPANGA-PATROL-STN-FC6",34.08,-118.6,227,141,128,101,38,5,1,1,4,9,12,87,87
"220","ID20174","SAN-GABRIEL-CANYON-PH",34.15,-117.9,227,115,116,100,40,13,4,1,6,19,16,68,75
"221","ID20215","OJAI              8",34.5,-119.3,228,118,116,90,38,10,1,0,1,9,14,47,85
"222","ID20252","OJAI",34.46,-119.24,229,125.7,127.6,90.6,39.6,10.9,1.6,0.6,1.2,8.5,12.2,54.4,71.8
"223","ID20350","PASKENTA-RANGER-STN",39.88,-122.53,230,115,88,89,42,15,10,3,4,14,33,92,93
"224","ID20587","CACHUMA-LAKE",34.58,-119.98,238,91,101,90,37,5,1,0,1,9,14,60,65
"225","ID20743","CANOGA-PARK-PIERCE-COL",34.18,-118.56,241,84,84,73,26,5,1,0,5,7,14,63,54
"226","ID20811","PASO ROBLES/MUNICIPAL ARPT",35.67,-120.63,243,63.6,67.8,52.5,25.3,1.8,0.5,0.4,0.3,2.9,10.9,33.1,48.3
"227","ID20892","VAN-NUYS-AIRPORT",34.21,-118.48,244,80,90,68,28,5,0,0,5,8,10,54,50
"228","ID20903","STONY-GORGE-RESERVOIR",39.58,-122.53,244,105,78,68,28,12,9,2,8,9,29,75,84
"229","ID20947","BORREGO-DESERT-PARK",33.25,-116.4,245,26,26,21,6,2,1,9,17,11,8,18,22
"230","ID21219","GLENDORA-WEST-FC-185",34.13,-117.86,251,102,103,90,40,11,3,1,4,18,16,66,70
"231","ID21359","RIVERSIDE-FIRE-STN-3",33.95,-117.38,256,46,47,44,19,4,1,1,5,10,7,29,31
"232","ID21454","STANDISH-HICKEY-ST-PK",39.88,-123.73,259,330,266,252,110,47,11,5,17,35,125,287,320
"233","ID21524","POMONA              USA",34.1,-117.8,260,96,80.1,70.6,33.8,4.4,0.9,0.6,1,5.1,12.4,48.2,58.7
"234","ID21570","LOS-BANOS-ARBURUA-RCH",36.88,-120.93,262,37,34,30,16,4,1,1,2,9,10,32,30
"235","ID21620","PASADENA",34.16,-118.16,264,114.6,108.5,89.2,38.5,10.2,4.2,0.8,3.5,9.4,13.2,52.9,59.4
"236","ID22224","NEEDLES FAA AP",34.77,-114.62,279,14.7,12.7,13.2,6.1,2.4,0.8,9.3,17.5,12.2,7.9,8.9,11.2
"237","ID22326","IRON-MOUNTAIN",34.13,-115.13,281,11,7,8,4,2,1,8,10,7,10,7,11
"238","ID22533","SAN FERNANDO        USA",34.3,-118.5,289,95.1,66.3,50.6,39.3,5.3,0.9,0.6,0.8,3.6,7.1,57.3,51.6
"239","ID22603","CHATSWORTH-FC-24-F",34.25,-118.6,290,86,88,70,29,5,1,0,6,8,11,64,57
"240","ID22607","PAICINES-OHRWALL-RANCH",36.73,-121.36,290,75,63,65,31,5,2,2,2,8,18,54,65
"241","ID22673","OCCIDENTAL",38.41,-122.96,293,290,211,185,82,24,7,3,7,19,90,225,226
"242","ID22745","KERN-RIVER-P-H-1",35.46,-118.78,296,41,44,51,29,8,2,0,3,8,13,34,36
"243","ID22771","EAGLE-MOUNTAIN",33.8,-115.45,297,10,8,8,2,1,2,12,18,12,6,6,11
"244","ID23073","RIVERSIDE-CIT-EXP-STN",33.96,-117.35,301,47,46,47,21,5,1,1,5,10,6,30,34
"245","ID23379","POTTER-VALLEY-P-H",39.36,-123.13,309,226,165,160,69,27,4,2,7,21,74,186,198
"246","ID23485","LOS-PRIETOS-RANGER-STN",34.55,-119.78,312,112,115,95,43,7,1,0,2,7,17,73,80
"247","ID23917","SHASTA-DAM",40.71,-122.41,328,284,220,230,107,52,18,7,14,38,82,245,247
"248","ID24043","PLYMOUTH            USA",38.5,-120.8,334,196.4,127.4,70.8,50.2,24.8,10.4,0.8,3.5,5,46,81.7,153.8
"249","ID24105","FONTANA-KAISER",34.08,-117.51,335,80,80,74,27,6,1,1,3,11,11,47,56
"250","ID24106","SANTA-MARGARITA-BOOST",35.36,-120.63,335,162,142,128,57,9,2,1,3,12,35,103,126
"251","ID24200","NORTON/AFB",34.1,-117.25,339,55.8,51.4,41.2,36,10.7,1.6,1.6,2.7,2.6,2.7,33.4,47.2
"252","ID24293","HAPPY CAMP RS",41.8,-123.37,342,287.7,201.8,170.9,74.5,41.5,18.3,7.2,12.8,26.7,94.9,203.1,256.2
"253","ID24332","MIDDLETOWN",38.75,-122.61,344,250,185,155,70,17,5,1,3,15,63,163,195
"254","ID24392","THREE-RVRS-EDISON-PH-1",36.46,-118.86,347,121,104,110,60,18,7,1,3,19,27,83,93
"255","ID24731","STONYFORD-RANGER-STN",39.38,-122.55,356,116,87,71,28,8,7,1,5,7,30,83,90
"256","ID24744","SAN BERNARDINO      USA",34.1,-117.3,357,82.2,66,65.8,32.1,11.3,1.7,1.1,1.2,6.4,14.9,43.8,54.8
"257","ID24917","CLAREMONT           USA",34.1,-117.7,364,101.3,82.7,73.8,35.2,10,1.2,1.1,1.1,2.8,8.7,45.2,59.9
"258","ID25036","DEEP-CANYON-LABORATORY",33.65,-116.38,366,20,18,14,4,3,1,12,20,16,6,14,16
"259","ID25062","EAST PARK           USA",39.4,-122.5,367,113.5,85.5,59.2,29,9,7.1,0.9,3.3,8.8,29,71,92.5
"260","ID25345","NEWHALL-SOLEDAD-FC32CE",34.38,-118.53,379,90,95,75,30,6,1,1,3,9,11,67,63
"261","ID25346","SALINAS-DAM",35.33,-120.5,379,108,104,97,42,7,1,0,2,11,20,70,86
"262","ID25535","BIG-BAR-RANGER-STATION",40.75,-123.25,384,174,136,126,49,26,11,4,13,23,64,159,180
"263","ID25710","ELSINORE",33.66,-117.33,392,58,61,53,17,5,1,2,4,10,8,33,47
"264","ID25769","WHISKEYTOWN-RESVR",40.61,-122.53,395,275,217,238,106,50,18,10,10,37,83,243,239
"265","ID25868","PINNACLES-NATL-MON",36.48,-121.18,398,73,71,77,35,7,2,1,3,8,21,56,61
"266","ID26083","LAKEPORT",39.03,-122.91,401,170,123,109,46,11,4,1,4,12,47,123,142
"267","ID26104","REDLANDS",34.05,-117.19,402,71.4,65.1,56.9,26.6,10.5,2.6,2.5,4.2,10.3,10.8,30.4,40.4
"268","ID26108","PANOCHE-2-W",36.6,-120.86,402,41,42,36,15,5,1,1,2,11,10,31,35
"269","ID26292","CLEARLAKE-4-SE",38.9,-122.6,411,138,115,91,38,13,4,2,4,12,40,99,109
"270","ID26293","WILLITS-1-NE",39.41,-123.33,411,246,188,179,76,28,6,2,7,22,78,203,226
"271","ID26338","AUBURN              USA",38.9,-121.1,414,175.3,129.9,139,73.3,24.4,7.7,1,3.4,18.1,54.1,135.8,146.8
"272","ID26408","HAYFIELD-PUMPING-PLANT",33.7,-115.63,418,13,11,11,3,2,0,7,18,9,7,8,10
"273","ID26810","TEJON RANCHO      9",35,-118.8,434,48,46,53,35,14,2,1,1,5,15,32,38
"274","ID26838","TEJON RANCHO",35.04,-118.75,435,50.4,44.8,54.8,32.7,12.3,3,0.8,2.3,7,13.1,34.7,32.9
"275","ID26856","COVELO",39.78,-123.25,436,212,159,150,59,25,6,2,11,18,65,172,197
"276","ID27004","DRY-CANYON-RESERVOIR",34.48,-118.53,443,65,74,67,26,6,1,1,4,9,9,52,52
"277","ID27014","PIT-RIVER-P-H-5",40.98,-121.98,444,332,272,276,136,64,23,9,15,53,116,287,305
"278","ID27248","SAN-GABRIEL-DM-FC425BE",34.2,-117.86,451,151,146,121,53,14,2,1,4,19,19,90,103
"279","ID27434","PACOIMA-DAM-FC-33-A-E",34.33,-118.4,457,91,92,90,39,10,2,1,7,14,18,63,62
"280","ID27560","MARCH/AFB",33.9,-117.25,462,52.9,39.8,30.3,26.2,3.4,0.4,0.7,2.3,2.7,2.4,26.5,31.1
"281","ID27614","UPPER-LAKE-7-W",39.18,-123.03,465,217,167,159,75,21,5,1,6,17,62,173,185
"282","ID27757","GIBRALTAR-DAM-2",34.51,-119.68,472,132,136,109,44,6,1,0,0,8,9,77,94
"283","ID27809","SAN JACINTO         USA",33.8,-117,475,64.4,53.1,50.5,26.6,9.2,1.3,3.5,4.4,10.3,10.9,31.5,36
"284","ID27845","LA-CRESCENTA-FC-251-B",34.21,-118.25,477,112,116,102,46,10,3,1,6,17,13,81,75
"285","ID27974","SANTA CATALINA/CATALINA ARPT",33.4,-118.42,482,35.5,21.1,27.8,36.9,1.8,3.4,0.2,0.3,1,4.6,73.8,65.8
"286","ID28094","LECHUZA-PT-STN-FC-352B",34.08,-118.88,488,117,107,82,31,6,2,0,3,12,13,84,78
"287","ID28095","WRIGHTS",37.13,-121.95,488,225,179,158,77,13,6,3,3,13,58,157,170
"288","ID28214","BURRETT DAM         USA",32.7,-116.7,494,85.4,69.5,74.8,40.1,13.4,1.8,3.3,2,6.1,12.6,43,57.2
"289","ID28542","DOBBINS             USA",39.4,-121.2,503,252.5,156.4,125.8,91.1,38.3,11.7,0.5,2,10.1,74,139.5,197.5
"290","ID28549","HEMET",33.75,-116.95,504,54,49,51,24,7,2,4,8,14,10,32,38
"291","ID28724","TRONA",35.76,-117.38,517,19,18,12,4,3,3,6,10,6,5,12,11
"292","ID28842","ASH-MOUNTAIN",36.48,-118.83,521,120,108,111,67,19,6,1,4,19,31,83,93
"293","ID28880","BALCH-POWER-HOUSE",36.91,-119.08,524,150,129,121,74,22,7,1,2,22,36,97,112
"294","ID28959","ALPINE",32.83,-116.76,529,71,68,81,35,12,4,3,6,11,19,54,59
"295","ID29035","SONORA              USA",38,-120.4,533,154.7,126.2,126,73,22.4,6.6,1.4,2.4,14.3,43.2,112.8,128.4
"296","ID29037","PARADISE",39.75,-121.61,533,253,192,200,97,30,13,3,7,28,81,216,216
"297","ID29084","BUCKS-CREEK-P-H",39.91,-121.33,536,307,249,251,128,52,21,3,12,36,111,267,277
"298","ID29134","PALOMA",36.35,-121.5,541,116,109,100,48,10,3,2,2,8,24,83,97
"299","ID29359","ANGWIN-PAC-UNION-COL",38.56,-122.43,553,228,164,142,62,15,6,1,4,16,64,159,181
"300","ID29461","PAYNES-CREEK",40.33,-121.9,561,139,111,121,69,35,16,3,11,28,60,126,133
"301","ID29640","PLACERVILLE         USA",38.7,-120.8,576,190.6,139.5,143.8,84.3,29.7,9.1,1.6,3.7,19.8,54.1,135.9,161.4
"302","ID29703","UKIAH-4-WSW",39.13,-123.26,579,239,183,175,84,26,6,2,7,19,76,199,214
"303","ID29803","DAGGETT/FAA AIRPORT",34.87,-116.78,585,14.3,12.1,10.6,4.5,1.9,1.4,8.2,10,8.7,3.8,4.4,8.6
"304","ID29877","SNOW-CREEK-UPPER",33.86,-116.68,591,58,58,52,19,5,1,6,15,17,12,42,55
"305","ID30113","FONTANA-5-N",34.18,-117.45,601,126,116,114,44,14,4,3,6,14,18,76,90
"306","ID30332","MARIPOSA            USA",37.5,-120,613,146.9,120.4,109.3,80.2,23.5,6.9,1.5,1.8,13.8,38.1,108.5,137.5
"307","ID30483","BRIDGEVILLE-4-NNW",40.53,-123.81,625,275,230,237,126,61,16,3,24,38,123,284,287
"308","ID30484","WEAVERVILLE RS",40.74,-122.94,625,203.8,150.9,120.6,57.4,33.6,16.7,4.6,9.2,20.1,63.9,143.5,175.6
"309","ID30492","TWENTYNINE-PALMS",34.3,-116.16,626,10,8,10,3,3,0,17,21,12,7,7,11
"310","ID30554","JUNCAL-DAM",34.48,-119.5,632,150,167,117,47,8,1,0,1,13,15,93,104
"311","ID30655","ROUND-MT-P-G-AND-E",40.8,-121.93,640,255,219,222,115,60,26,5,17,43,105,236,259
"312","ID30665","SAUGUS-PWR-PLT-1",34.58,-118.45,642,80,82,78,37,10,2,1,5,10,12,65,63
"313","ID30711","BLACK-MOUNTAIN-2-WSW",37.31,-122.16,646,173,147,127,67,16,7,2,4,10,58,131,145
"314","ID30807","AUBERRY-1-NW",37.08,-119.5,652,116,106,106,57,18,4,1,2,13,30,82,91
"315","ID30835","BURNT-RANCH-1-S",40.8,-123.46,655,202,167,161,76,38,13,5,17,28,83,194,215
"316","ID30867","FIDDLETOWN-DEXTER-RCH",38.53,-120.7,658,157,136,144,83,25,7,4,5,18,57,136,142
"317","ID30926","MOUNT-DIABLO-JUNCTION",37.86,-121.93,661,114,92,87,41,11,4,1,2,9,37,87,90
"318","ID30928","SAWYERS-BAR-RANGER-STN",41.3,-123.13,661,171,136,124,58,33,19,5,20,27,83,179,195
"319","ID31071","CHINA LAKE/ARMITAGE",35.68,-117.68,676,15.5,11.7,2.9,2.7,0.4,0.6,0.9,2.8,5.5,1.4,7.4,9.1
"320","ID31083","VOLTA-POWER-HOUSE",40.46,-121.86,677,139,110,116,70,39,20,4,14,32,62,130,128
"321","ID31400","PRIEST-VALLEY",36.18,-120.7,701,98,86,85,40,8,2,1,2,12,25,70,80
"322","ID31452","BIG-TUJUNGA-DAM-FC46DE",34.3,-118.18,706,125,138,120,53,12,1,1,5,15,15,92,86
"323","ID31453","EDWARDS/AFB",34.9,-117.87,706,20.8,14,9.3,8.8,0.9,0.4,1.1,2.7,1.6,2.4,18.5,12.6
"324","ID31509","LANCASTER/FSS",34.73,-118.22,712,34.7,47.4,39.8,9.4,3.4,1.4,3.2,2.3,6.1,8,13.1,28.8
"325","ID31519","HAYFORK-RANGER-STATION",40.55,-123.16,713,163,122,115,43,21,14,5,11,24,57,144,162
"326","ID31567","TIGER-CREEK-P-H",38.45,-120.48,718,207,173,178,103,30,10,5,7,25,67,171,181
"327","ID31615","ALISO-CAN-OAT-MT-FC446",34.31,-118.55,721,114,107,93,37,8,2,0,6,11,15,82,78
"328","ID31758","COLFAX",39.11,-120.95,735,252.2,198.8,180,93,41.9,15.9,3,5.1,20.6,70.6,170.4,205.8
"329","ID31867","INYOKERN",35.66,-117.83,749,18,22,17,5,2,1,5,10,6,2,13,13
"330","ID31992","PALMDALE            USA",34.6,-118.1,759,39.1,30.1,29,13.2,3.5,1.1,1.4,3.5,5.4,6.7,22.6,26.2
"331","ID32134","PALMDALE",34.63,-118.08,768,30.1,20.6,15.3,8.8,1.4,0.8,1.2,1.3,2.4,1.6,15.2,17.1
"332","ID32261","NEVADA CITY         USA",39.3,-121,783,278.9,228.3,207.9,110.7,42.2,11.9,1.9,4.9,27,79,204,239.8
"333","ID32262","CHALLENGE-RANGER-STN",39.48,-121.21,783,318,255,253,125,41,15,5,7,29,103,256,274
"334","ID32353","BEAUMONT            USA",33.9,-117,792,91,75,79.4,42.3,18.1,4.9,5.6,5.8,15,15.8,50.3,60.9
"335","ID32354","BEAUMONT",33.93,-116.96,792,82,79,84,38,17,6,6,8,18,16,55,66
"336","ID32512","YREKA",41.72,-122.64,801,91.9,55.1,46.5,25.6,24.4,24.8,10.9,14.5,16.5,33.5,66.1,93
"337","ID32517","CAMPO",32.63,-116.46,802,64,59,67,28,7,2,8,15,11,16,45,57
"338","ID32524","CAMPO               USA",32.6,-116.5,803,68.6,59.4,66.9,31.4,9.5,1.4,10.2,13.8,9.9,14.3,39.4,53.2
"339","ID32618","MAD-RIVER-RANGER-STN",40.45,-123.53,815,261,217,201,94,42,12,4,17,33,98,242,274
"340","ID32689","GRASS VALLEY        USA",39.2,-121,821,294.8,203.2,184,121.2,60.8,11,0.7,3.6,18.5,81.4,181.3,260.9
"341","ID32710","HENSHAW-DAM",33.23,-116.76,823,118,113,124,51,15,2,11,17,17,21,76,96
"342","ID32711","NORTH FORK          USA",37.2,-119.5,823,156.8,136.7,131.2,80.4,27.8,8.2,1.5,1.6,17.5,33.5,108,137.8
"343","ID32712","DE SABLA            USA",39.9,-121.6,823,321.5,255.7,229.6,126.5,46.7,20.9,1.7,6,35.1,103.4,246.6,276.6
"344","ID32723","KERN-RIVER-P-H-3",35.78,-118.43,824,71,60,55,22,6,3,4,7,12,9,39,54
"345","ID32725","COPCO-1-DAM",41.98,-122.33,824,71,52,53,34,30,21,7,16,19,37,80,84
"346","ID32775","FORT-JONES-RANGER-STN",41.6,-122.85,831,95,66,55,28,18,16,8,15,21,36,87,105
"347","ID32778","LYTLE-CREEK-RANGER-STN",34.23,-117.48,832,186,168,167,64,18,1,2,5,18,23,108,125
"348","ID32779","WOFFORD-HEIGHTS",35.71,-118.45,832,65,57,51,20,6,2,2,7,10,9,43,53
"349","ID32825","HARRISON-GULCH-R-S",40.36,-122.96,838,163,146,133,53,20,12,2,11,22,55,150,155
"350","ID32888","SANTA ANA           USA",34.1,-117.1,842,108,80.9,75.5,64.6,25.2,2.7,2.7,5.6,14.4,14.8,60.1,87.7
"351","ID32938","NEVADA-CITY",39.25,-121.03,848,258,226,216,108,31,12,5,8,29,85,226,229
"352","ID32943","MOJAVE",35.06,-118.15,849,28,28,23,8,3,1,4,5,8,6,21,20
"353","ID33092","GREENVIEW",41.55,-122.9,860,105,89,50,29,21,12,4,8,13,38,91,107
"354","ID33136","GEORGE/AFB",34.58,-117.38,869,12.3,10.4,9.3,6.2,2.8,0.3,2.5,5.4,0.9,1.7,14.4,12.6
"355","ID33161","VICTORVILLE-PUMP-PLANT",34.53,-117.3,871,21,22,22,9,5,1,4,8,10,7,15,18
"356","ID33218","PIT-RIVER-P-H-1",41,-121.5,878,109,82,81,48,37,21,3,12,20,50,92,109
"357","ID33298","DOWNIEVILLE",39.56,-120.83,888,272,235,229,119,57,21,7,12,35,109,240,245
"358","ID33361","MILL CREEK          USA",34.1,-117,899,90,64.7,69.3,59.6,21.8,2.9,3.4,10.7,16.1,17.1,56.6,73.7
"359","ID33446","ACTON-ESDO-CNTY-FC261F",34.5,-118.26,902,48,50,50,19,6,1,1,6,7,8,39,36
"360","ID33452","CECILVILLE-1-SE",41.13,-123.13,902,156,117,110,56,36,19,8,20,23,81,151,165
"361","ID33593","DUDLEYS             USA",37.8,-120.1,914,180.3,140.7,135.3,95.8,26.4,9.8,2.2,4,5.9,41.3,132.9,176.6
"362","ID33644","GEORGETOWN-RANGER-STN",38.91,-120.78,915,243,199,198,111,31,12,6,7,25,83,206,222
"363","ID33670","FORESTHILL-RANGER-STN",39.01,-120.85,919,227,190,181,99,35,11,5,8,27,82,197,208
"364","ID33671","HAT-CREEK-P-H-1",40.93,-121.55,919,75,62,68,33,32,20,4,11,17,38,63,73
"365","ID33735","IOWA-HILL",39.08,-120.83,926,229,182,185,98,36,12,6,9,27,84,198,204
"366","ID33775","APPLE-VALLEY",34.58,-117.18,932,24,29,26,13,6,2,3,8,8,10,18,22
"367","ID33780","FAIRMONT",34.71,-118.44,933,87.9,86.4,61.4,30.4,9.9,1.6,1.3,3,7.7,9.7,45.2,55.3
"368","ID33942","VINCENT-FIRE-STN-FC12O",34.48,-118.13,956,35,36,37,16,5,2,1,9,8,9,29,26
"369","ID33951","GLENNVILLE",35.71,-118.7,957,86,73,84,47,15,4,1,5,15,20,58,69
"370","ID33952","BURNEY",40.88,-121.66,957,120,88,91,49,32,20,3,11,21,50,97,116
"371","ID34053","WARNER SPRINGS      USA",33.3,-116.6,969,64.2,48.6,55.1,36,9.7,1.7,10.7,23.8,9.7,14.7,39.1,47.8
"372","ID34088","CALLAHAN",41.31,-122.8,971,86,62,58,35,22,20,7,11,17,40,84,98
"373","ID34230","MC CLOUD            USA",41.3,-122.1,991,244.5,196.7,171.9,89,48.9,22.8,7.2,9.8,31.1,89.5,184.1,214.2
"374","ID34404","MC-CLOUD",41.25,-122.13,1000,216,183,185,87,42,20,6,12,29,86,198,205
"375","ID34512","GOLD-RUN-2-SW",39.15,-120.86,1012,257,217,212,106,41,15,6,9,30,92,216,231
"376","ID34716","QUINCY",39.91,-120.95,1039,190,149,143,68,29,20,5,11,23,78,158,170
"377","ID34717","QUINCY",39.97,-120.95,1039,206,165.3,138.9,72.4,39.4,19.2,4.9,8.1,19.1,70.6,131.8,177.5
"378","ID34771","PACIFIC-HOUSE",38.75,-120.5,1049,213,186,189,112,42,15,8,10,28,78,186,200
"379","ID34966","DESCANSO-RANGER-STN",32.85,-116.61,1067,98,99,112,53,17,3,7,12,12,26,68,85
"380","ID34968","CAMPTONVILLE        USA",39.5,-121.1,1067,336.2,205.5,173.3,123.1,55.4,18.3,0.5,5.8,18.1,94.7,196,312.1
"381","ID35016","STIRLING CITY       USA",39.9,-121.5,1072,309,177,229,70,68,23,1,8,38,252,306,75.2
"382","ID35098","SHINGLETON-2-E",40.5,-121.85,1084,177,151,161,92,53,23,7,18,40,82,170,169
"383","ID35104","GREENVILLE-RANGER-STN",40.13,-120.93,1085,185,152,143,64,35,20,6,12,23,67,150,157
"384","ID35114","RANDSBURG",35.36,-117.65,1088,28,28,25,9,2,1,4,7,5,6,18,20
"385","ID35141","LEBEC",34.83,-118.86,1093,48,63,61,27,10,1,1,4,9,12,47,39
"386","ID35148","WEED-FIRE-DEPARTMENT",41.43,-122.38,1094,101,79,93,51,41,22,10,13,15,46,94,94
"387","ID35161","MOUNT SHASTA",41.32,-122.32,1095,190.6,152,127,69.9,46.1,25.1,8.3,10.6,21.8,59.2,134.5,156.4
"388","ID35528","SALT-SPRINGS-PWR-HOUSE",38.5,-120.21,1128,197,175,172,101,42,18,7,11,34,68,173,167
"389","ID35799","BUCKHORN",40.86,-121.85,1158,260,224,220,125,68,29,7,22,49,123,257,268
"390","ID35858","HAIWEE",36.13,-117.95,1166,27,33,27,8,7,3,9,13,10,4,21,24
"391","ID35965","HETCH-HETCHY",37.95,-119.78,1180,145,141,135,87,34,20,5,10,24,53,134,131
"392","ID36044","ANZA",33.55,-116.66,1193,58,61,59,25,11,2,12,20,21,12,37,50
"393","ID36217","INDEPENDENCE",36.8,-118.2,1205,29.6,26.5,13.1,6.5,4.4,3.4,3.8,3.4,5.5,3.6,14.9,22.1
"394","ID36230","YOSEMITE-PARK-HDQTRS",37.75,-119.58,1209,156,153,133,72,32,15,10,7,24,54,139,139
"395","ID36495","TEHACHAPI",35.13,-118.45,1224,41,41,50,22,10,3,2,10,9,10,38,40
"396","ID36538","TULELAKE",41.96,-121.46,1230,30,26,28,21,23,22,7,15,13,25,36,36
"397","ID36752","BISHOP/ARPT",37.37,-118.37,1253,23.2,19,12.1,8,6.8,3.4,3.2,3,5.1,2.6,13.7,17.1
"398","ID36838","SUSANVILLE AP",40.39,-120.57,1265,69.2,50.9,35,15.4,19.5,15,7.1,4.9,11.9,29.3,42.8,61.7
"399","ID36906","ADIN-RANGER-STATION",41.2,-120.95,1279,55,42,43,31,37,23,6,13,20,34,50,50
"400","ID36961","MOUNT-HAMILTON",37.33,-121.65,1282,86,81,85,49,14,4,1,2,10,33,86,79
"401","ID36999","SIERRA-CITY",39.56,-120.63,1289,298,262,237,118,66,25,9,20,39,116,257,260
"402","ID37033","DOYLE",40.03,-120.1,1292,49,37,29,15,21,14,7,8,11,19,42,41
"403","ID37061","MOUNT-HEBRON-R-S",41.78,-122.03,1295,36,29,28,19,24,24,8,14,14,26,48,49
"404","ID37263","CANBY-RANGER-STATION",41.45,-120.86,1314,47,42,44,31,30,20,5,13,17,32,52,54
"405","ID37351","MITCHELL-CAVERNS",34.93,-115.53,1326,29,34,31,15,8,3,22,46,17,16,20,25
"406","ID37424","DOYLE-4-SSE",39.96,-120.08,1338,72,63,46,24,29,21,12,11,16,31,70,63
"407","ID37476","ALTURAS-RANGER-STATION",41.5,-120.55,1341,35,30,32,27,29,23,6,12,14,22,39,35
"408","ID37585","DEER-CREEK-FOREBAY",39.3,-120.83,1358,314,271,259,127,56,20,7,13,36,100,259,268
"409","ID37777","FORT-BIDWELL",41.85,-120.13,1372,59,50,47,33,28,22,8,14,18,29,61,64
"410","ID37796","MATHER",37.88,-119.85,1375,141,130,128,81,32,12,3,7,20,48,125,124
"411","ID37799","SANDBERG/WSMO",34.75,-118.73,1376,57.5,33.3,32.4,26.4,5.2,1,0.8,1,2.6,5.5,45.5,49.2
"412","ID37878","CHESTER             USA",40.3,-121.2,1387,158.9,135.2,107.9,51.6,31.8,22.4,7.4,10,22.6,54.9,114.7,136.7
"413","ID37884","CANYON DAM          USA",40.2,-121.1,1388,195.8,162.1,137.4,66.7,37,18.4,5.3,8.8,22.8,62.2,134,163.3
"414","ID37895","CANYON-DAM",40.16,-121.08,1390,182,151,144,66,31,19,5,11,24,64,144,155
"415","ID38105","CUYAMACA",32.99,-116.59,1415,156.2,149.3,162.2,75.5,30.8,5.4,11.6,18.7,23.2,31.7,88,116.2
"416","ID38152","CEDARVILLE",41.54,-120.17,1424,48.6,34.4,36,27.2,28.3,21.1,7.7,8.7,12.3,26.5,43.1,42.5
"417","ID38204","CALAVERAS-BIG-TREES",38.28,-120.31,1431,249,218,216,118,38,14,5,8,27,80,198,217
"418","ID38264","MOUNTAIN-PASS",35.46,-115.53,1442,23,22,22,11,7,6,23,36,13,11,21,19
"419","ID38346","CHERRY-VALLEY-DAM",37.96,-119.91,1452,204,189,170,98,33,18,3,8,26,63,177,185
"420","ID38354","LAVA-BEDS-NAT-MONUMENT",41.73,-121.51,1454,42,40,42,26,33,26,11,14,13,34,45,49
"421","ID38514","PORTOLA",39.8,-120.46,1478,100,82,78,31,25,18,7,11,18,38,84,85
"422","ID38557","MINERAL",40.35,-121.6,1486,233,185,193,98,53,33,7,19,38,108,210,213
"423","ID38748","VINTON",39.81,-120.18,1509,54,45,38,19,23,17,8,11,15,27,50,45
"424","ID38770","POSEY-3-E",35.8,-118.63,1512,122,107,115,70,20,9,1,7,15,28,84,107
"425","ID38788","SIERRAVILLE-R-S",39.58,-120.36,1516,120,101,86,36,26,16,7,11,19,52,113,107
"426","ID38789","SIERRAVILLE         USA",39.6,-120.4,1516,127.4,103.1,82.2,39.1,29.7,14.1,7.8,9.3,17.5,51.9,100.2,115.9
"427","ID39168","SO-ENT-YOSEMITE-N-P",37.5,-119.63,1561,205,185,165,94,36,17,3,4,22,51,151,150
"428","ID39218","LAKE SPAULDING",39.32,-120.64,1573,350.6,281.4,264,142.5,84.4,28.7,7.6,12.3,33.7,108.4,235.4,306.7
"429","ID39303","LAKE-ARROWHEAD",34.25,-117.18,1586,191,183,172,83,29,2,4,11,33,39,133,156
"430","ID39336","DEEP-SPRINGS-COLLEGE",37.36,-117.98,1593,15,19,13,14,11,8,16,15,13,5,13,14
"431","ID39454","BLUE CANYON",39.28,-120.7,1609,334.5,263,243.6,137.2,64.8,21.6,1.7,5.9,24.1,94.9,254.3,312.8
"432","ID39484","TERMO-1-E",40.86,-120.43,1615,31,28,28,19,28,24,8,10,16,24,35,34
"433","ID39485","JESS-VALLEY",41.26,-120.3,1615,46,39,49,48,52,36,11,19,23,35,55,51
"434","ID39590","BOWMAN-DAM",39.45,-120.65,1635,291,234,237,116,64,27,9,21,38,121,263,277
"435","ID39597","CRYSTAL-LAKE-FC-283C",34.31,-117.85,1637,164,175,146,71,19,3,2,10,26,23,114,125
"436","ID39616","IDYLLWILD-FIRE-DEPT",33.75,-116.71,1640,112,105,109,51,19,3,20,24,28,22,74,98
"437","ID39748","BENTON-INSPECTION-STN",37.85,-118.48,1665,32,29,17,9,11,12,12,14,8,7,18,26
"438","ID39886","PALOMAR-MT-OBSERVATORY",33.35,-116.86,1692,123,122,124,56,14,3,12,19,18,21,89,113
"439","ID39906","BOCA",39.38,-120.1,1699,97,82,70,34,24,20,14,17,23,35,79,82
"440","ID40180","MOUNT-WILSON",34.23,-118.06,1740,178,192,170,71,16,3,1,8,30,28,128,129
"441","ID40260","WOODFORDS",38.78,-119.8,1753,91,80,59,26,21,16,13,18,22,37,86,81
"442","ID40261","MANZANITA-LAKE",40.53,-121.56,1753,145,126,138,83,61,38,10,23,38,84,149,138
"443","ID40578","DONNER-MEMORIAL-ST-PK",39.31,-120.23,1810,172,149,140,69,32,24,11,17,24,60,146,157
"444","ID40622","TRUCKEE-RANGER-STATION",39.33,-120.18,1827,141,119,108,54,29,20,11,14,23,47,112,125
"445","ID41099","TAHOE CITY",39.17,-120.14,1900,171.2,135.4,109.8,53.2,33,19.3,7.6,10.6,19,50.3,105.6,145
"446","ID41234","SAGEHEN-CREEK",39.43,-120.23,1932,149,137,118,52,32,21,13,20,26,61,130,123
"447","ID41389","BRIDGEPORT",38.25,-119.23,1972,40,37,27,12,15,17,12,13,16,9,28,31
"448","ID41641","GRANT-GROVE",36.73,-118.96,2012,204,169,170,94,30,9,3,4,33,47,132,157
"449","ID41886","BIG-BEAR-LAKE",34.25,-116.88,2070,102,95,90,39,15,3,21,25,16,17,65,88
"450","ID41963","BIG-PINES-PARK-FC-83B",34.38,-117.68,2092,119,125,105,51,16,3,7,18,22,17,79,101
"451","ID42173","HUNTINGTON-LAKE",37.23,-119.21,2140,165,160,151,84,32,9,5,6,28,48,117,132
"452","ID42992","TWIN-LAKES",38.7,-120.03,2438,210,173,169,104,52,29,15,24,35,72,183,191
"453","ID43093","BISHOP-CREEK-INTAKE-2",37.25,-118.58,2485,57,42,33,21,15,11,11,15,17,12,37,45
"454","ID43574","GEM-LAKE",37.75,-119.13,2734,86,70,71,41,19,15,16,19,23,24,70,77
"455","ID43616","LAKE-SABRINA",37.21,-118.61,2763,75,59,51,33,16,10,11,12,20,18,50,58
"456","ID43770","ELLERY-LAKE",37.93,-119.23,2940,110,85,77,40,23,16,21,20,23,35,91,96
